{"colors":[{"name":"","color":{"r":0.698113203048706,"g":0.04280884563922882,"b":0.04280884563922882,"a":1.0},"Debloque":false},{"name":"","color":{"r":0.0,"g":0.3883552551269531,"b":1.0,"a":1.0},"Debloque":false},{"name":"","color":{"r":0.05463884398341179,"g":0.6698113083839417,"b":0.0,"a":1.0},"Debloque":false}]}